{
  "project_info": {
    "project_number": "4450873008",
    "firebase_url": "https://ahrm-firebase-default-rtdb.firebaseio.com",
    "project_id": "ahrm-firebase",
    "storage_bucket": "ahrm-firebase.appspot.com"
  },
  "client": [
    {
      "client_info": {
        "mobilesdk_app_id": "1:4450873008:android:2c7dd40dc0687bed7f5575",
        "android_client_info": {
          "package_name": "com.AHRM.app"
        }
      },
      "oauth_client": [],
      "api_key": [
        {
          "current_key": "AIzaSyAxGmzQ4fEunba1LizOgvljA6y1m7sisIc"
        }
      ],
      "services": {
        "appinvite_service": {
          "other_platform_oauth_client": []
        }
      }
    },
    {
      "client_info": {
        "mobilesdk_app_id": "1:4450873008:android:6715525c2abef2d47f5575",
        "android_client_info": {
          "package_name": "com.example.ahrm"
        }
      },
      "oauth_client": [],
      "api_key": [
        {
          "current_key": "AIzaSyAxGmzQ4fEunba1LizOgvljA6y1m7sisIc"
        }
      ],
      "services": {
        "appinvite_service": {
          "other_platform_oauth_client": []
        }
      }
    },
    {
      "client_info": {
        "mobilesdk_app_id": "1:4450873008:android:23f183f99c3a48407f5575",
        "android_client_info": {
          "package_name": "com.example.smarthydroponicsystem"
        }
      },
      "oauth_client": [],
      "api_key": [
        {
          "current_key": "AIzaSyAxGmzQ4fEunba1LizOgvljA6y1m7sisIc"
        }
      ],
      "services": {
        "appinvite_service": {
          "other_platform_oauth_client": []
        }
      }
    }
  ],
  "configuration_version": "1"
}